id,label
835863907549986816,0
859531379696074752,0
875016629180141568,0
469818863123980288,0
656818863284318208,0
786621311355355136,0
445572276449067009,0
699191100620275712,0
521855073471954946,0
817989591391080448,0
942363793132224513,0
937939681379045376,0
897310062460280836,0
806498103125835776,0
869349854023217152,0
519185895602126848,0
670398366539321344,0
791063121657987072,0
834156637141217281,0
901671548926529536,0
874712985335463936,0
643312257527517184,0
711849791022604288,0
926108778688339968,0
949569963047702534,0
608653143036030977,0
905900135766482946,0
900111633405673473,0
160801063572738048,0
664331450762838017,0
774730712234749953,0
847238611242074112,0
931509224689070082,0
945533383056097280,0
446731828603269120,0
394835384657780736,0
471269123100393472,0
861474421843918849,0
622766599917797377,0
770137904421023744,0
639680815526383617,0
785308624352645120,0
180041000083927040,0
920862015786307585,0
874727898237763584,0
905009452528619520,0
926945736893390848,0
858998847271567360,0
887645359652167680,0
607683610209067008,0
673427956564418560,0
578594976126349313,0
835294927059812352,0
793603745904852992,0
936256931336826881,0
786614971249598464,0
791472775898816512,0
689496713892003840,0
806088605412126720,0
539864716987097089,0
925300821599969281,0
888544501219958784,0
957495918198009856,0
884366211055628288,0
848178194859601920,0
687948886196006912,0
741517505894617089,0
684925646036807680,0
916856504464166914,0
821838713810485248,0
936084270514393094,0
400211900140879872,0
882894835862171648,0
946338533370933248,0
568826238502113280,0
926184520352718848,0
597597005314031616,0
905465618446483456,0
949949434431000576,0
879187720484081665,0
694571807576322048,0
906593167394426880,0
626966263726641152,0
530484701816193024,0
919831112771399681,0
908147780438433793,0
956848471675424768,0
724965710234001409,0
697508005764587521,0
931424177927737344,0
948215641076531201,0
402757837782544385,0
527805940717076480,0
700843596073730049,0
960585827993534464,0
506791178327851009,0
651375103180038144,0
880130222665998338,0
844122211770388480,0
908313192929132545,0
783761930821443584,0
778036274246606849,0
948258917871742976,0
795557696879677440,0
851241610297962496,0
707196875884077058,0
911211091572744192,0
902718580558581765,0
314752960938778624,0
702900028772212736,0
880113860124037120,0
950457940045123585,0
771698856853643264,0
925175460283211777,0
423626180017659904,0
462187258041630720,0
647153993823727616,0
897756528861741057,0
398446776861982720,0
875697009197543424,0
938596059407724544,0
878666296908447745,0
898855671843639297,0
517836580229500929,0
883404710996201472,0
295895475092074496,0
593807260117237762,0
944239719960993792,0
841289360758718464,0
652954227019386880,0
842715957613248512,0
844204170014064640,0
812356156354134016,0
957959710791041024,0
935200706998538240,0
490474731154337792,0
940073991393312770,0
862734954953924608,0
697157530821111809,0
898120922120429569,0
956489763430821888,0
379799988093480961,0
880118300826636290,0
957591641497497600,0
897895837342154752,0
869636314848567296,0
888531567747801088,0
770811929983979520,0
805023585798656001,0
960024766127247360,0
960631828154642432,0
614515014658064385,0
801121877259272192,0
748268999490732033,0
960027133774127104,0
874555047564132352,0
448167148754456576,0
443373274857496576,0
796433487184138240,0
864568849659768832,0
825010079770476544,0
931357542508367872,0
629717444869902336,0
844332828166766592,0
686264980677738496,0
917057335696199680,0
680578106030186496,0
857445138687307776,0
860659624881643526,0
940940683166257153,0
855532227421237249,0
427151310136164352,0
694981685323153408,0
847305543228076033,0
912238358788702208,0
904551984518352896,0
958415674237480960,0
499955542123876353,0
777989934225432576,0
745686723879931904,0
955086248707727363,0
600123643855638528,0
716869863822790656,0
405014805729128448,0
943961864408588294,0
901188587328335875,0
936611667609292800,0
933686850962755584,0
899788206295699456,0
710761416568008704,0
446995139094134784,0
643969174109298689,0
940670339096424449,0
819138469519904768,0
881075027315220480,0
918975618464624640,0
897554078133358593,0
795640218292551681,0
905182557976879105,0
693216209978798080,0
662401918132756480,0
844172983199551489,0
865451092401770500,0
763899220872925184,0
895410058326024192,0
935530349190369281,0
865087014512631809,0
907460170984378369,0
941367197787664385,0
609045703617310721,0
957804017597349889,0
839767538431033345,0
454723565745881088,0
943889407760830465,0
928938791192145921,0
900034089951952898,0
789662239561097216,0
593391040922406913,0
876593458097553410,0
921316160871727104,0
892694687554953216,0
934040453313282048,0
699308137002696704,0
925044635742982144,0
563787864304271361,0
858869826739163138,0
736213627376697344,0
433988024964489217,0
484686730801340416,0
910252572195291136,0
655007788599517184,0
757968732853383168,0
894721256733368322,0
909880203765338112,0
924608321889415168,0
259649769532698624,0
949599829256261633,0
844963006857408513,0
867381084182388737,0
661395146693439488,0
888855540918603776,0
385008276410499072,0
665330184988418048,0
958557145154314241,0
757085309200924672,0
779062829349539840,0
830067827289759745,0
856688549403471874,0
949898688968712193,0
579325098609500160,0
555770827023462400,0
847186420397625344,0
476176690574790656,0
935479029892767744,0
941603781212561408,0
828781942501937153,0
738085714693357568,0
920979182070435840,0
853360243811725313,0
844217672246218752,0
777485972925718528,0
930235755955412992,0
946031720150781952,0
958037866940166144,0
735366423753728001,0
886828537969205249,0
807501118892711936,0
948286410989166592,0
740658514771640322,0
530067033581318145,0
842299880563441665,0
862326038398988289,0
917464931523493889,0
887518415430144000,0
875524873401110528,0
761538748224069632,0
896240354600595456,0
736316056256565248,0
875705544467554304,0
775197525426962432,0
857245086970662912,0
930537430247239681,0
545027991202299904,0
959763875863330816,0
697386859056513024,0
600465407540121600,0
721138174919979008,0
885942009055383552,0
894988145053360128,0
659328044029648896,0
862356467487305728,0
842035744394866689,0
943098616754900993,0
960677642474225664,0
914124561909731328,0
455719363081822208,0
638154574193405952,0
904899947363004416,0
956379020819443713,0
481238152296669184,0
946501679045849094,0
915744628372049923,0
886256648796467200,0
783026732303396865,0
582921802885820418,0
711959756789948416,0
812325662103105536,0
860601270385684481,0
926871533372485632,0
897543896934363136,0
845484635811450881,0
876389566126665729,0
863241027821248512,0
897622794166558721,0
938429300486877184,0
578185352101425153,0
641841603032649728,0
959458256480624640,0
936325265961242624,0
925662439986876416,0
872490911657324544,0
731020516971053057,0
649073212823748608,0
821954673116585985,0
899471330898317312,0
902286140551651328,0
780736159894745088,0
823893866675863552,0
756899110452621312,0
504328758317547522,0
930203559798411264,0
787089749169303552,0
958007850105585664,0
876276663985635328,0
575684624837275648,0
469609531803455490,0
857650081373224964,0
902682672354533376,0
817160343248138240,0
871640915529617408,0
749609425728512001,0
947375088533495808,0
645022895996043264,0
897561880331300864,0
853138004310929408,0
926847611679793152,0
907480856947838976,0
701074168360673280,0
884403160164569090,0
725049698558562304,0
717416546797268992,0
314518337226936320,0
624970463601688576,0
925792862125608960,0
935160380191522816,0
938618515246010368,0
853649225313333248,0
870127027231367169,0
955387789750620162,0
728970306279354368,0
908132682726559744,0
502705263443718144,0
860210462599901190,0
935618923717971968,0
314887814338715650,0
951822859822948352,0
268646946732912640,0
829033633398681601,0
826562200349315073,0
915311779663708162,0
835786887558283265,0
900369024558579712,0
756633866232696832,0
571327674531975168,0
893631048961191937,0
902933399748440064,0
898372767762051072,0
685084676931870720,0
270529748994764801,0
659464153845796864,0
757578960498745344,0
898090096079122432,0
719122387082612736,0
742771716594794497,0
788966472093536256,0
712630397750763520,0
540117436364636160,0
930494537621032965,0
689371232941146112,0
839546960881254408,0
874427180259971072,0
865271436797108225,0
638909414670487552,0
885401759631396867,0
884631876366893056,0
894050407265304576,0
755808459476434944,0
844321657242075136,0
840869115011166208,0
920564922521653249,0
940056051302383617,0
315188968004128768,0
935370517741211648,0
789822285968474113,0
882659863423324164,0
898483930806050816,0
893493127289417728,0
610171824865804288,0
314752848074264579,0
779401103611981825,0
833419942640881664,0
864683157324529665,0
157845836951339008,0
935234132053020672,0
898486044198191104,0
643447021504827392,0
380071685183242240,0
826173991622737925,0
861832158268313600,0
944381313947185162,0
785586241140121600,0
465295900261105664,0
923289198744006656,0
885543898776567808,0
910707409957588992,0
544903674666164224,0
564621217278091264,0
948838772208173056,0
954416660814942208,0
590948705127137280,0
916478194659856384,0
829093636201730048,0
867077510562852864,0
643116499176189952,0
572773841388343296,0
486903045859868673,0
924350239582154752,0
925499700337397760,0
628314789161381890,0
906776339423940608,0
945007423357636610,0
700129874808283136,0
793159543639465984,0
576994424628097024,0
383289314743812098,0
930131970985734144,0
394947984686731264,0
634776637918326785,0
899157547214438401,0
306031387360763904,0
844339989903298560,0
894917903950073856,0
921462373285756928,0
900466504554217473,0
900919033196933120,0
653948631154847744,0
928272459715014658,0
955735692558127105,0
649686839159230464,0
905902253877415936,0
901349745083502592,0
607904080393043968,0
746605422782652416,0
335229647832883200,0
695351753647099904,0
914629399957442565,0
919990511288668160,0
860388696264245248,0
923255707025137664,0
944735756014235649,0
798359026153177088,0
922615797666713601,0
711915056204742656,0
869273736918302720,0
901226981748088832,0
871864942093258752,0
446286841168158720,0
823664695919845376,0
579186566486204416,0
869541582554501124,0
917863992399347712,0
937891543045697536,0
953741352503832586,0
458786981741600768,0
892005430548983808,0
416666638335766530,0
819206484420689920,0
957661551649017856,0
855116350024552448,0
956411133828595712,0
927917141646491648,0
865186142567747585,0
891621416453287936,0
800168292698746880,0
693554262853308416,0
608333498273906689,0
907993411210248192,0
826311785087115265,0
378537539478777856,0
957417212628946945,0
838424499607465984,0
706948307248095235,0
959944605046362113,0
431443736204017664,0
295977850773848064,0
926945757269319680,0
279061763901775874,0
561299018848796673,0
569723165972279296,0
720551069995134976,0
447786360741826560,0
898573176564854785,0
937847067841630208,0
884483327440375808,0
871748998519963648,0
831083423951380480,0
676989414053183488,0
737693885342855174,0
807748815025487872,0
816324776004374528,0
869155386758135809,0
446074609973342208,0
795664682606592000,0
423862246985707520,0
757388194820206592,0
914582808856801281,0
730102040202981378,0
903129432042467329,0
926944387057311745,0
806176888045600768,0
260221470746243073,0
745093175107194880,0
933165031939641345,0
906908792000053254,0
879857189174640640,0
688792720807215108,0
885876592525926400,0
945314473094545408,0
872176691535384576,0
810909321420804098,0
651761081073819649,0
782569438419750912,0
823650811683082242,0
890944417636524033,0
844135518174507008,0
960568171265712128,0
267730836529504258,0
647199851910950912,0
800906021879197696,0
894203928648310784,0
960606647608541185,0
870716739511754756,0
960396818545770496,0
831966796630601729,0
732577337267654656,0
620063620932730880,0
898243080595410944,0
628742799010172928,0
953845298568118272,0
573239498043219969,0
289480488664576000,0
502412337312452608,0
914293885144363009,0
718514910418903040,0
114792485699588097,0
740675731999461377,0
710900615417864192,0
869988360416354304,0
471729837221355521,0
829545383131021312,0
917412732441452544,0
882297057926459393,0
841257549655490560,0
873152894102589441,0
922650718804332545,0
902652874009739264,0
851668676998725632,0
913843613293039617,0
917113298096705536,0
946618285310840832,0
474785158445297666,0
859976996247482368,0
874771374547587072,0
891352913787973632,0
938221947665764352,0
642718876837376000,0
937449746150461441,0
332889060358111232,0
711917720791605248,0
900747099569922052,0
414057081142910976,0
913044248274104321,0
359329521532551168,0
877595753585287168,0
616959001654349824,0
711890501356658688,0
586548574290317312,0
899614846454575105,0
423941097983725568,0
711892138473230336,0
876500267277180929,0
918622946343772160,0
917315179230228480,0
196007546757197824,0
697031522776432640,0
263311301495889920,0
451872785087070208,0
767843195178934272,0
623599608300744704,0
837868726561062913,0
928072823930806277,0
936673785700388866,0
924613586990878721,0
951134998534524931,0
917912380142522368,0
522463682761334785,0
446997068796542976,0
880839061761650688,0
827559947424645121,0
838680142083997696,0
928295374380519424,0
913252592712593408,0
825416206974726144,0
913220408094191616,0
865406753470464001,0
953404232866127874,0
900800151807287296,0
844107672890884096,0
905610377479700480,0
844180799125700609,0
804794588661743616,0
917812270528417792,0
860566060566593537,0
916392012236156928,0
353747528115695616,0
943624070930845696,0
907197429195395072,0
921515031677763584,0
639830334591397893,0
780880038514331649,0
813125478408134656,0
868519842957021184,0
802328548996321281,0
743529877110923264,0
784188940546928640,0
462225799462912001,0
857781048737804288,0
450800995522453504,0
922486502210273280,0
905656224418430977,0
907458163787661318,0
844242679609352192,0
956246653505175552,0
920768306096869376,0
902611896527814656,0
819687218918764544,0
893638574809239552,0
705231920599326720,0
907999313510281216,0
879401540120977409,0
719390460209270784,0
459703046210342912,0
944287775477682178,0
902505040358895617,0
415117405505871873,0
892609745328230401,0
713188812256448513,0
902718766320160768,0
921080475166363648,0
934681264363155456,0
797000189085188096,0
920569756591247360,0
957796821300113409,0
775483011190128640,0
570341321539350528,0
888117476281655297,0
923480614443069440,0
912568169851703296,0
793448487027433472,0
818706468933345282,0
702501417030782978,0
883116241296265216,0
925754681594384384,0
781299124477890560,0
594912234066808834,0
858858510657957888,0
914180494467747845,0
678316352986210305,0
802188313562058752,0
473857283378913280,0
820336803853008898,0
910660622060097536,0
927607646273884160,0
827193676761821185,0
863240367952363520,0
768516001378004992,0
937867890417721344,0
472162675963600896,0
295963089726234624,0
932762242537480194,0
702595384565223425,0
909508545154076674,0
598894125597863936,0
805025952405356544,0
915277777254981633,0
382987785801433089,0
897471716162719746,0
831991141247643650,0
700007222303137792,0
860001026861973505,0
398497794283294720,0
927739926921252864,0
711226491636473856,0
778992103435087872,0
497411867602862080,0
875991734156632064,0
726358594900221952,0
903021461341966338,0
889753770204119040,0
830992131259002880,0
580449012718895104,0
834501459408539649,0
402267413204717569,0
431435470678278144,0
954310983505375234,0
900323882036494336,0
711902541940977664,0
737474261409898497,0
923094678026596353,0
410838266699468800,0
817168868846239744,0
756411415020396544,0
844155972943859712,0
886707771743272960,0
611177148049702912,0
545025008632745984,0
748982601583648768,0
621802926479175681,0
565392654725545984,0
243343027828031488,0
673291263593025536,0
955782573631909888,0
959400440709427201,0
657116367984967680,0
899899837121953792,0
807634228515110912,0
898486207566532610,0
898232974717669376,0
832715716671393793,0
856595649017634817,0
870848046837489667,0
801528321070813185,0
944612836675764224,0
955806109473878022,0
828595915409727488,0
855090038350254080,0
933417364321906690,0
823340922578538496,0
829105979862241280,0
953741846961782784,0
921325150339035141,0
423935725705625600,0
161258643315113985,0
708557107428270081,0
851645625498251264,0
418909601497882624,0
276402632657084416,0
806633164982616064,0
161347488308142080,0
728415303311319042,0
695331286722842624,0
935132000830283776,0
718461044578852864,0
901573355064655872,0
899614816515612672,0
605942940658106368,0
562370704768008193,0
869081517653471232,0
729100802871144449,0
897070516728713217,0
614212869991845888,0
889663676059398145,0
699796652110970882,0
798328400641478660,0
699991690958929920,0
960822041871048704,0
755465240662376448,0
942007038409834496,0
911274392843378688,0
855677458061897728,0
875576879754784770,0
819487871451168768,0
877458595578859521,0
848699440223444992,0
959672939787382785,0
595391267124699137,0
609511535958982658,0
844109797565829120,0
921560075382042625,0
899908957992517633,0
910133447234113536,0
463422458708496384,0
431610028920143872,0
809041809477435392,0
927457575741853696,0
897088723862646784,0
891022018853974016,0
859454047606247428,0
857439437508235264,0
854045385547014144,0
880874451533004800,0
502316663514353664,0
620662234641993728,0
292595817120948227,0
451013113710530562,0
650394161611472896,0
916891166221549568,0
659773256111665152,0
360158977847345154,0
887120631120228353,0
893521520018042880,0
377220992877465600,0
590619122720976898,0
876422846242803712,0
451388816004497409,0
888733713567281152,0
622460137119203328,0
899483808692666369,0
414642956750974976,0
875571300168683520,0
899711298157649922,0
446388654450442241,0
944270476972625920,0
814621828790579200,0
924170549252648961,0
926174676778475521,0
787845086335815680,0
957716165895303169,0
883197796542754817,0
922674088904192001,0
913878193953804288,0
886768333701427201,0
946637159980785664,0
541764052910080001,0
296644425923325952,0
879888447078490112,0
651499430407995393,0
734379355116298240,0
617343617057697793,0
38316306461757440,0
941584786413572096,0
594044464093601792,0
844238627156705281,0
240177166069952512,0
697431425759514625,0
530283644435181568,0
926779540797607936,0
853028070076416000,0
874173008470048769,0
787683983006072832,0
844553813985914880,0
789482417925001216,0
867037470613020672,0
765575050770677764,0
880497616475348993,0
806246047144181760,0
956866836364124160,0
739640123818577920,0
935294070741716994,0
939272333574983680,0
253369389812953088,0
771997706512375808,0
894325214976278528,0
790921377289306113,0
385841046552588288,0
776222524359053313,0
579420805236424704,0
829108110451232768,0
922912151169392641,0
753986671272611841,0
928600099583856646,0
901289247340101632,0
899616598461476865,0
906033231174045696,0
927507864591224832,0
659379222503399424,0
733330952013774849,0
844185892671709184,0
302432684435701761,0
728828553500962817,0
950830644623560705,0
838170595464466432,0
844205035831681024,0
946145827256487936,0
578874875940642816,0
782854690904027136,0
358425470351585282,0
957886304435474433,0
935122389112893441,0
933337942772166656,0
895281093514977280,0
444119737887256576,0
907117927731564544,0
879744739536510977,0
724082750681022464,0
904088088183533568,0
777855022684004352,0
511210554984517632,0
928646130187022341,0
424587120767143937,0
596751496185782273,0
888479979079684096,0
426718542466383872,0
854358719337029632,0
853185700266741760,0
567428068688801793,0
926916687466676224,0
843242810828619776,0
745169424643043328,0
932586652614250501,0
958679402874851329,0
814885519167516672,0
941450442244087808,0
902953224340201473,0
334398643757019136,0
953846079908339712,0
897515191738531841,0
909074318033907713,0
555006336262742016,0
951383730995605506,0
950185295135297537,0
843019160728743941,0
918691784754053120,0
705798850783612928,0
951080481906343938,0
549561111885123585,0
250605715394285568,0
791469478836068352,0
945560254061989888,0
893631151587311617,0
793386290196713472,0
839367928650813440,0
853602689413926914,0
811539253008044032,0
716778468927782912,0
920990457680801792,0
356050901863112705,0
816088736182239232,0
843996430079590400,0
891936197270007808,0
579290249202921472,0
141949738747576320,0
666241384400216064,0
707501736274075648,0
899996561807159296,0
956489917353418752,0
588804269807042560,0
567702840798621697,0
853992975587827712,0
564123220740042752,0
943708536596447232,0
386581370665197568,0
435656079972646912,0
927275681637191681,0
772019162864582656,0
493962127624126464,0
791326843303518209,0
888575097317052421,0
590521735251959808,0
957663078514118656,0
800889458719682561,0
957918197445021701,0
790186316591951872,0
849493860774498308,0
826854040713777161,0
660516800866746368,0
832073842667450369,0
934116643185106945,0
722452757991538689,0
554605897222483969,0
689909645771669504,0
849048808407187456,0
826551459290427393,0
938499706556178432,0
936431921483210753,0
866580270417416192,0
888784807865585665,0
579319135932440576,0
951331117046546432,0
959889839025016834,0
712070485710925824,0
907903833854169088,0
857985732291506182,0
927118827535716352,0
717506340340568064,0
935167405168451585,0
927665510006886401,0
810002189083168768,0
423159990623272960,0
909648278374973440,0
757938531863887872,0
871925403455115264,0
940070927965986816,0
371867883774558208,0
848961060413591552,0
949103447806156800,0
602642075817902080,0
847116148823015429,0
807429453378965504,0
676614337088249857,0
880871236762562560,0
516319258431598593,0
953704654147383296,0
735506506565718016,0
879175791564685313,0
565810920698675200,0
935544634830450694,0
836663489141800960,0
289682893528252416,0
511202906776035328,0
443872205365993472,0
944408355304542208,0
771351193100615680,0
924080610934583296,0
487239110177062912,0
709769730832384000,0
621303104961683457,0
593050807433441281,0
769451868175134720,0
539545289464766464,0
801223982695354368,0
889140254850129921,0
921124441563701248,0
920992896618254336,0
950071008534368257,0
882619342470471682,0
880211182916956161,0
914981479578341376,0
895765198824513536,0
900431008109121537,0
885201085543198723,0
936183453003010048,0
897472988722999296,0
541777274132250625,0
608913283953786880,0
708789903216254976,0
943819393842151424,0
747901676619587584,0
782816633010032640,0
526439068620816384,0
955727893434335232,0
934982141322190848,0
709177803116298240,0
732100656111230977,0
847166213696487424,0
789746811254616064,0
956246053841526791,0
761686114570764288,0
953090923214311424,0
931517867463467015,0
688809780371009536,0
578149934333104128,0
687904257752854528,0
431825845217288192,0
913221084308279296,0
899996482618765313,0
940452257270845440,0
847608689229914112,0
575947252717367297,0
869655864981901312,0
935461034915254272,0
727311605487308802,0
904733365429002240,0
613496772330156032,0
718515172667691009,0
578310932444684288,0
282709096011026432,0
697609012804743169,0
816328522012598273,0
884586973939290113,0
830898302329638912,0
914841902679289856,0
941024763174096896,0
396065088081506304,0
525026838062850049,0
856813585888161792,0
945560942754041856,0
289719334643826689,0
555455149997838336,0
785910396162936832,0
608233128298205184,0
893905748006248452,0
719140227026128896,0
332860943778328577,0
946549367170879488,0
808837356761403393,0
553219753041739777,0
697550873048711169,0
876191270615613440,0
521617731188436992,0
704767928810405890,0
924258899779358725,0
908121955475357696,0
942235322666115072,0
907750804374872064,0
762646615589023744,0
890559531822002176,0
870036996235939840,0
942618495707222016,0
232369780227706881,0
920611452398063617,0
935126915698053121,0
881318886804684800,0
838777345888628736,0
913984971437690880,0
951480016042373120,0
938593152323203072,0
897687784294666240,0
720962653590425600,0
938477811974725632,0
486178171247919105,0
806250272381136897,0
922076663479001088,0
565640180384948224,0
874363009765974020,0
912110215553847297,0
953444822114807808,0
930586899349147649,0
791635932994793472,0
555148686179971072,0
893516322809810944,0
906960247767683079,0
721109308017131521,0
638700358982893569,0
523849533059387393,0
960328952895229955,0
584017410451177473,0
653675634208731136,0
500882734882254848,0
595430225586069504,0
936186283889750016,0
523202686389194752,0
902533975184470016,0
512466124257361920,0
955130009873764353,0
870110804514922496,0
935455051283337217,0
830052918749437954,0
897206448328814592,0
903275221867737088,0
811077589313982464,0
451026629700358145,0
935976683831812096,0
503934934508400640,0
704307705968762884,0
898149908418629632,0
787222151866748929,0
533277105740861441,0
889503083901931521,0
235770546925731840,0
941598029941010432,0
806901034329083904,0
946033736579272705,0
843496328223186945,0
687683835803381760,0
470142964086632448,0
561454514071699456,0
375985687537139712,0
368540264190574592,0
439148709692334081,0
863994816190926849,0
840479485866717184,0
956999241070768135,0
567088534830710785,0
934324664553259009,0
893521088910675969,0
955386408352366592,0
860330896921997313,0
822143082468614145,0
859162789864243201,0
931406606021128194,0
553915448220450816,0
775781868541206529,0
764495366649622528,0
720174820348932096,0
867767949913841664,0
631323946017689600,0
874943118931402752,0
697502453844045824,0
807532040954454018,0
798503948051214336,0
777151088524787712,0
582694818557652992,0
413709934992171008,0
891754468416643079,0
874675896640299010,0
863189186261725184,0
898135193881640960,0
947001766477836288,0
856932935542374404,0
893747658036326401,0
899329590396678145,0
439838590869446656,0
913220811712065539,0
342105694511710208,0
705315925009014784,0
654722499884679168,0
883064354672914432,0
740650866605207552,0
957620807601131520,0
892743861486989314,0
882705826078760960,0
832253267417640961,0
922606179406241793,0
388463131703250945,0
883388289897476096,0
809423313671979008,0
856498075044634626,0
918398976306696192,0
933304266491678722,0
923834293603811328,0
279238698636300289,0
844318727663439872,0
956176485399875585,0
832622776074674185,0
952320872831893504,0
167888103351128064,0
935320398400507906,0
863919452429135873,0
944428850942902273,0
957548173765107712,0
670835573993664513,0
472234520960188416,0
959587049266470913,0
895007801591947268,0
748909274273763328,0
697506910740869121,0
941456214793187329,0
957086594841821184,0
605901888811245568,0
937318038835212291,0
933425905388703744,0
767819246323761152,0
865029079229120512,0
815680565689151489,0
664969132618608640,0
633851243614633984,0
929756108599758849,0
84036920346284033,0
406900522705506305,0
935564994267242496,0
649286940378857472,0
697161873305837568,0
899468822838685696,0
562375906753126402,0
479435870270128129,0
829024093613723650,0
935284135496646656,0
931449919029895169,0
936654137932111873,0
742678181963026432,0
791256831989387264,0
946139973874585600,0
907390735107874816,0
757699893360259073,0
935521667480211457,0
847125961283907587,0
743816033966956544,0
897071913645871104,0
957098397634310144,0
462303824389349376,0
821998399109074944,0
960588101608341504,0
897479620626219008,0
181497598392279040,0
533242471959244800,0
951997842863861760,0
918916087114358785,0
692273149732327425,0
405740083942539265,0
637367084251500544,0
846508341400621057,0
451028419870871552,0
763391239194570752,0
880118125269790720,0
853058548653314049,0
958695092499501058,0
942178263841067008,0
897799388218535936,0
867938122008600576,0
445927965843390464,0
522834791255650304,0
928293536209891328,0
893811163300995072,0
894516406498230274,0
520707520759738368,0
750855879449337856,0
825559840328151040,0
944392716036616192,0
946419794445721600,0
832004981037342726,0
897505364752687104,0
615256501968502784,0
849532119600832512,0
547470579109203968,0
934438274482962432,0
831532802302636032,0
319686228083634176,0
840321266359906304,0
690564589679837184,0
844554933487624196,0
874453878376411138,0
959700266365915137,0
753302540234600448,0
905013612955262978,0
783083685151211520,0
887945285296570368,0
940698060753129472,0
728613532376379396,0
937137648585641984,0
751054454527590401,0
879791704148254720,0
844312971757023232,0
712080688804208642,0
726069357910990849,0
580584973549350912,0
871093650360594432,0
825262232888045568,0
898302682594631680,0
692844361424343044,0
880200430839574528,0
533095793084076032,0
929701818774511616,0
935415276539121665,0
782278616214306817,0
725407062381875200,0
611223557314580480,0
936016439265447937,0
443930478438281216,0
846569626070908928,0
944759159328616448,0
845103804005711872,0
839799215270277121,0
898052414292590593,0
844156716501667840,0
880111947999588352,0
514445244197130240,0
929774962898063360,0
908799082105368578,0
557326775244828673,0
551893603585626113,0
785221028058374144,0
935200676958883840,0
782794886013517824,0
945279460424724481,0
650355597142032384,0
913078569471037442,0
923036421228810240,0
842342124909666305,0
572538284598943745,0
879454011249881089,0
886146710745075712,0
831322967661490176,0
873899736016842753,0
731496137350369280,0
900796911208153088,0
904817207049322501,0
902497041292509185,0
599998008328060929,0
861656698276151297,0
910957687634096130,0
704047207692050432,0
626679699566108673,0
902276941050519553,0
937726381135450113,0
925987916567990272,0
639832282258403329,0
958765028659875840,0
936413368872722432,0
902162433401290755,0
912590284655153154,0
789578141756821504,0
421325750231629824,0
929176214438326274,0
935884842365005825,0
760960394173100032,0
794134765037387776,0
903714686281109504,0
935267625734635521,0
390991693740535808,0
411662875774971904,0
766464325804515328,0
949120862451650561,0
695339543080251394,0
955877918755958785,0
875762176572755968,0
921474778476830720,0
890351155276021761,0
920211999497314304,0
761658832921604096,0
501141486759862272,0
927874415676837893,0
933956148457328640,0
514879970502791168,0
929424474973310977,0
826348334013091840,0
290485937518022656,0
952282353526702080,0
876556316759732224,0
545606048120582145,0
923918758774636544,0
938021869571268608,0
876374523926503428,0
879337972902047744,0
576430035705409537,0
897555121458089984,0
913220053344145408,0
939615892375261185,0
831332688128774145,0
656849268569972736,0
853985436875796480,0
868031945644617729,0
755406733657317376,0
952502926634872837,0
933168245217120256,0
941715073759719424,0
660035001535238144,0
897107153043017728,0
829423308437352448,0
563827303646769152,0
939243984748150785,0
884560442114420736,0
711917185828950016,0
653900239464701952,0
501807912034246656,0
667729872815562752,0
944655514369187840,0
336116087705985024,0
782410553507610625,0
827350643484536832,0
711669159055200257,0
840310681115193344,0
899468486749114373,0
698487766699667456,0
944308851922178048,0
865866023202770946,0
455805437472808961,0
765470601242931200,0
781921383966085120,0
492130223027023872,0
880847691391139841,0
912589530632306688,0
702997426605457408,0
226356378942447617,0
950110855185817606,0
693851103629332480,0
910038794526654464,0
870837716593905666,0
736038549783519232,0
417555973926957056,0
862750910187020288,0
872234442059862016,0
935549789999071232,0
882040132836130817,0
844299351858036737,0
936661538152251393,0
897553086037852160,0
834221352131424256,0
951856129780408320,0
576013747363270656,0
929444773274013696,0
946520128463818752,0
958095306788360192,0
944429952203722752,0
812363378496782336,0
322311810537631744,0
472353063223562242,0
468360783298961408,0
929806676143804416,0
844114221965172736,0
919934541661462530,0
902498496682618880,0
915237585844408320,0
958636377570201600,0
944321742020988929,0
806855413010415616,0
829711505012686848,0
716622619877982212,0
841521539757592576,0
875047878028382208,0
827581357828272128,0
698341536094949376,0
628695602524725248,0
919219669407555585,0
578856831168049152,0
447159985865101313,0
954919284635062272,0
573924557913915392,0
957612301204377605,0
772122667163983872,0
844277502935797760,0
322529800227024898,0
955379464875122688,0
826247777965441026,0
704032257787432962,0
836652013291188224,0
771930985772515328,0
571728835210690560,0
846517896230535168,0
689616262473879552,0
933312111937286145,0
939491847231111169,0
875705974199373825,0
908365379034075136,0
849265919322992640,0
942812134295130117,0
787392899889688577,0
842997003764359168,0
860908065654177792,0
902629650261737472,0
890170720407433218,0
874905251324858369,0
918172335378747393,0
940238413910994944,0
945844159910424576,0
552147575512772608,0
610583559557001216,0
686518925136424960,0
936234852755673088,0
218670157558583296,0
904745388468453376,0
822194201458712577,0
595985221566214144,0
936635054352158720,0
912273522159841280,0
897523675326558208,0
925059954016387077,0
742948623353286661,0
521054680382976000,0
682041308526022656,0
956059687061016577,0
413083812625928193,0
949732138622115840,0
778992529731497984,0
628764407221354496,0
829006555844661248,0
851502982122401794,0
724938771750375424,0
909573543553306624,0
883158031961346049,0
509806519194763264,0
928556525018370050,0
941291697744486400,0
600088418551398402,0
782893205150760960,0
911363961139933184,0
937764946577850369,0
314732317782450176,0
787683102160252929,0
867120388559581186,0
941254633824993280,0
552951577959358465,0
940940978344558592,0
731072385164574720,0
876054353349672960,0
951334203185971201,0
960567755450728448,0
942393964916768769,0
522190685299277824,0
908709899835764736,0
856351619306467328,0
501275674124886016,0
929842533118758913,0
933932221794316288,0
840571441057845248,0
902276970410541057,0
395515769188278273,0
957734259917316097,0
880434735113273344,0
673688951106981890,0
907311587685433345,0
949298183456346112,0
708118853453131776,0
529468827063422977,0
422660048742268928,0
951575254631092225,0
840243989215399939,0
940181532358139904,0
475334597308186625,0
842156241279422464,0
580908307788890112,0
181323253766299648,0
890010963977654276,0
879690098597662720,0
919945119150813184,0
956600390518272000,0
710751180188688384,0
654080472012591104,0
935047720137568256,0
845848196739944448,0
926953968445591552,0
929227492833054720,0
770801950107590656,0
839233369380651013,0
501508755612110848,0
593800644072472577,0
661952561293864960,0
392639082553425920,0
400264343029559297,0
955122117632315393,0
880840226163347457,0
935454056335794178,0
946502750988374016,0
960905942782095362,0
960597226698485760,0
748941242155823106,0
889897875504857089,0
894205795268780032,0
748249918016462848,0
462395537392545792,0
619110337036578816,0
575325500899520512,0
872189271888809984,0
814189660486402049,0
815739235160510464,0
844202790641655811,0
841501944271233024,0
844373322607550465,0
828916801450938369,0
771334991917617152,0
952965482478436354,0
184099551022559232,0
859129125302415360,0
758448153054044160,0
230773736305995777,0
192656241925947392,0
701491776448757760,0
561713141416222721,0
613385909493338113,0
718476253947367428,0
963081582654435330,0
301364660517621760,0
614101252239171584,0
682649914229321728,0
793654654273855488,0
640766902168616960,0
903260402280275969,0
788513777960353792,0
699712358235705349,0
613909092302778369,0
506054525133021184,0
920782055667060737,0
841448449044316160,0
859284117988532224,0
517838358673100800,0
929252434727153664,0
900460386192961536,0
777960498104905728,0
448244532698943488,0
792830181383823361,0
851681474713497600,0
455595172160491520,0
892796313519226880,0
481475052861284352,0
960573627585441793,0
936180998282317825,0
889132458104455168,0
514405343557058560,0
519674944523730944,0
834826387726884864,0
959889221191335936,0
717633952664707072,0
130695166112698368,0
859426521739440129,0
704326289411407872,0
553158503842709504,0
821497809677467648,0
788129351640514560,0
840457390801715201,0
908424841602183168,0
230292035050016768,0
822203616090013696,0
951218887151960064,0
783775586502184960,0
897663250896224256,0
895311583554883586,0
876425659870048256,0
956169847855026176,0
828681148519755778,0
256429879392874497,0
925060899404165120,0
886061307535011840,0
332150893128601600,0
687670185143173120,0
901172566085251078,0
903611135798149120,0
895279678839304194,0
554889800340094976,0
685902486889185281,0
944075519888363520,0
580834573396893698,0
878792790737657856,0
926096222695419905,0
707940266234109953,0
896821336021925888,0
932787755758833664,0
913361343343886338,0
862774585158184961,0
906859558479568896,0
578234462435172352,0
886151316631941120,0
541065543483404288,0
927673679781224448,0
760805319379333122,0
526160539161219072,0
622329425070174208,0
935337205278658560,0
713404172645888000,0
800557902243110912,0
606501913463558145,0
743923490189770752,0
942843298133237760,0
900930752811999232,0
645351396775100416,0
355015800328945665,0
505276767608000512,0
904437074870317057,0
601417167704346624,0
904369676729376773,0
921703843137835008,0
822228124003868676,0
945537051310608386,0
896934069480468481,0
445638026006654976,0
737081575867863040,0
304249685835665408,0
939752871054192640,0
674665512240975872,0
654394222536171520,0
600745242682380288,0
898622447204696064,0
892835092485287938,0
254615824306958336,0
903850264444231680,0
767815061138055168,0
694959288285073408,0
417787660401250304,0
835782496448987136,0
880953742484525063,0
840095501923975173,0
704665110246264832,0
934862060575514625,0
839695775454146561,0
904885063216750592,0
921523785429286912,0
936686507519246336,0
412252464453136384,0
844198936642441216,0
951080485735690240,0
844085186363097088,0
787041641760686080,0
784921519977820160,0
957674971979026432,0
893907067056029697,0
348131625097367552,0
780332318607155200,0
556136189674397697,0
923587697888956418,0
389887856791289857,0
844339089084174336,0
524590963059331072,0
901982181966438401,0
471595517923688448,0
639023498501976064,0
922748888141967361,0
880870384882634752,0
959306908971642881,0
943897993140424704,0
922877859848482816,0
880444552586428418,0
944948552840761344,0
574969754861113344,0
826809127561199617,0
266493290315137024,0
617858408205656064,0
921594331663912960,0
816475962384781312,0
767482165932265472,0
959433494261915649,0
391354026610413569,0
888172961114476545,0
688129813450588160,0
909325406486061057,0
500900933086511104,0
898303867976380418,0
935692803132321792,0
397874824174764032,0
915601212711501824,0
936756063034068994,0
866333102704017408,0
956648495204716544,0
950774149156298752,0
511701341480439808,0
824075429992546305,0
920351651109666818,0
915957324216487936,0
778801933410643970,0
959270450114191361,0
912193981144092672,0
918348586886328325,0
946912903927685128,0
863026216344977409,0
346009823973871617,0
683041699313000449,0
937977347076005888,0
848999830001250305,0
835511349132292096,0
821090164671922176,0
896720089428439040,0
462333726824091649,0
941318516988190720,0
243168956788129792,0
896628138884476928,0
812394867582058496,0
941415789382524928,0
803247851119775744,0
896239403219210240,0
495644960742723585,0
887094529022709760,0
807996519412617216,0
834710446397599744,0
942798415708160000,0
853288645272457216,0
902954297398358016,0
266623889994575872,0
805024438701977600,0
595739773957971968,0
876165705728757760,0
874750502642339841,0
502481267707764736,0
897552605672603658,0
868179378395545600,0
841812348587380736,0
824545759001468928,0
459478025080295424,0
725776804980641792,0
718986943468609536,0
722750625843449856,0
901226261787357185,0
956153334406270976,0
944678735118307333,0
870450099431907328,0
920819114100305920,0
787683063153225729,0
955706762467844101,0
653679978563788800,0
959488362892726272,0
897527638205452288,0
749326266390630400,0
830534344200577024,0
944130764916117504,0
884493846502981632,0
776315498552299520,0
719978739858350080,0
954401841009262594,0
880109392263348229,0
460448344159313921,0
310028147158568960,0
931770260713242624,0
936475837121028096,0
851154593723580416,0
930375637486927872,0
956391471795593216,0
636220844637880320,0
839597758059261955,0
922379700521066497,0
734939106799554561,0
450936842855387136,0
614535638889721856,0
897473367623835648,0
518385309071855616,0
886256617750188033,0
820136313319997440,0
631304305488887808,0
563361367970033664,0
419365387525160960,0
819664181876113413,0
957950407891972099,0
939949958215753731,0
656224542042382336,0
927449021664366592,0
905759657649635331,0
648932315599642624,0
869240203839381505,0
458636450578587648,0
434486257888940033,0
753446066859696128,0
899469651759030272,0
584385038101381122,0
294582664780980225,0
918520224936112129,0
912272142682779648,0
518145528782405632,0
932386129600532480,0
944530322976161792,0
914070193730662400,0
843913009592377344,0
958140292766384128,0
944138148199784448,0
882849739179511809,0
957655803032408064,0
714497255596666880,0
892370070458036224,0
819612422294175745,0
897552865702535168,0
887558530365927424,0
889492915042615296,0
619363748113879040,0
862876929950711808,0
924719026798055425,0
692904527637397504,0
732195513274122241,0
661642316109729792,0
292892447489531904,0
652195283627933696,0
821101802523361280,0
398938174086316032,0
751358087844532224,0
899614758151892993,0
620002925427953665,0
593871223643361280,0
868453540481695745,0
935554330798755841,0
709112609321172992,0
716340986968981504,0
896686052982890496,0
728504995297955842,0
903573294749798402,0
940789965918785536,0
439478901782642688,0
791421186706116608,0
952115637828161536,0
763489262142525440,0
821552709119647744,0
690004082896048129,0
182580937282957315,0
956399117244289024,0
945932032227659776,0
714108157828722688,0
711985397031682049,0
811951621655642112,0
873906055528448003,0
880115647258271745,0
700405726037086209,0
263310737240387584,0
842145698917302272,0
857414007375966208,0
790879500233912320,0
892970802722856960,0
960302472131641344,0
565301642770542594,0
522900801636016129,0
905516126754545666,0
959108407742685186,0
186229649850908674,0
660928974051217408,0
897900829004267520,0
828617992233709568,0
581035687933321216,0
753610948850561025,0
785458573073522688,0
880906160554917888,0
957903797317242885,0
714242091707187200,0
918291666468872192,0
787683424731553792,0
900005100432896002,0
219958279697207297,0
921662001545465856,0
584752990046662658,0
834088738598842368,0
831141339710492680,0
900829991675584513,0
755694752297848832,0
451833902844637184,0
830148027335708672,0
844993922627751936,0
809749083715944448,0
906904003853930496,0
855583767330729984,0
942263217052635136,0
821097920220917760,0
520236499397128193,0
916672491459895297,0
540129282593665024,0
431434748401942528,0
540342490662858753,0
511090255953686529,0
954557357266173953,0
886060267733491713,0
863607641599299584,0
456952508796379136,0
743369505557086208,0
956159354679517184,0
819914408352686080,0
955199769902813185,0
648886010055491588,0
294103450952822784,0
579181684639297536,0
873253403283132422,0
902868718694346752,0
189257701598048256,0
896237330285121536,0
873255237783629824,0
720303217058398208,0
944691162560024576,0
414054471627718657,0
401828229104689152,0
392011133689020416,0
854711502649122816,0
937050354730061825,0
781571821338521600,0
900300093814951936,0
922828485764186112,0
856788920952131584,0
787951097860292608,0
818905206834495488,0
926783299388817409,0
459360192023375872,0
831778139646939137,0
863173115274186752,0
530744972421902336,0
838984170571501568,0
951531920747388928,0
304159373297602561,0
747215292044967936,0
577716666492125184,0
847528733166718978,0
137045165750751232,0
875675047330848769,0
818543389662674945,0
819608706413367297,0
913323977581502465,0
716894402518630400,0
957168827015618561,0
897550866353455106,0
594152882078875649,0
868586963649130497,0
456791951786770432,0
600330110139506688,0
565218258056650752,0
812228784153907200,0
924319456641409024,0
642537590986375168,0
862367884810493952,0
882858254132555777,0
914083535908167681,0
727239739946885120,0
954626359489433601,0
740556314884067328,0
844188148506808321,0
564439518363660289,0
883585724771127300,0
793749868963622912,0
960631787859988480,0
904745396404068352,0
614011105451618304,0
353298743816224769,0
786958953477439489,0
710099529379487744,0
476734743535296512,0
801497559256600580,0
778757200336543744,0
895538136213839872,0
353540128586739713,0
794097979816689664,0
931199748723310592,0
304247560263049216,0
697668101584744448,0
863275919372419073,0
862257818090573824,0
902504514674155522,0
722000216052801536,0
774699725664636928,0
747963793150451712,0
873361332761972742,0
944138265015316480,0
860140614066683905,0
703677293709774848,0
776146834888753156,0
916773010144747521,0
881265474541150212,0
903992830884012033,0
431513318516203520,0
869120169939009536,0
564584482830028800,0
898249251901259776,0
876496735698382849,0
685899866275495937,0
530546049513820160,0
926033173758251009,0
944315941977931777,0
935385612722548736,0
903327424083103745,0
879538927736115201,0
900248450222219265,0
753721231522705408,0
923587697385537537,0
924342497635176450,0
952392607623270400,0
957795512555581441,0
903459437654011904,0
839767597998559232,0
892078009636835329,0
846108012225933314,0
549782095997202436,0
832340061043752961,0
863992244642103296,0
498884209440993281,0
910068673443979264,0
824980087338577920,0
599307898607374336,0
900441377577848832,0
883009177991467009,0
940407855122993153,0
543762614573342720,0
910157855189282816,0
820023970024001538,0
944219593534574592,0
564996351050932226,0
514806532803145728,0
934343664624656384,0
930964350185156608,0
657375233616297984,0
956863540534669313,0
956314640153284609,0
666794501097332737,0
851180689844297728,0
816973804681314304,0
898058814414610432,0
532957205847613440,0
694550863277379584,0
844152862468841472,0
551528517176143872,0
870441770106179584,0
504711792854331393,0
874510968654630915,0
945933537588363265,0
829052484094095360,0
728304285306458113,0
948943654726578182,0
447884250998923264,0
570602141129125888,0
778524351071154180,0
364249073571733504,0
955108039165665280,0
702557242466275328,0
956487817072447488,0
787073532467482624,0
570676605422592001,0
910272259373326336,0
809409386535849984,0
490213422827835392,0
716839262692491264,0
948115715017539584,0
918506959984308224,0
355192034291761153,0
906197520799412227,0
927653859979227136,0
651767248068169728,0
650391879486304256,0
724768833857327105,0
853351933804920832,0
844321908392800256,0
663514295116947456,0
856971783613947904,0
804079703522967553,0
638699355025895426,0
846209432690159622,0
783887018963197952,0
520296216299446272,0
713840163848331267,0
339446802199744512,0
755373207088091136,0
935916969727090688,0
924080162018353154,0
874222879801352194,0
745365937323311104,0
927242806476857347,0
554570981017403393,0
897492896416497665,0
904031334716379136,0
935564104949030917,0
859787858051248128,0
710493214889869317,0
902930043801788416,0
532975921293447168,0
824495276127846400,0
579299002786521088,0
931529438176702464,0
951713134129176577,0
863950290294263808,0
407185672303550464,0
857404885876301824,0
580560534401085442,0
908857198977073152,0
902764222488211457,0
923732063014019072,0
904324493627322369,0
644983752397971456,0
796075224601071616,0
933910657145147393,0
338769357289189376,0
497067419094241280,0
451359134470787072,0
844212121969872897,0
900341977757175808,0
869218935538888705,0
825337457071759360,0
948696270364991488,0
661582509126377473,0
935246652423720961,0
446969299094499328,0
849606718552248325,0
480290995687284736,0
720374459207696385,0
514579075734994945,0
817110139622871043,0
935549089600757760,0
941519504508628992,0
818603308109692928,0
447052722953797632,0
872698565935738881,0
447151092145860608,0
920596899521892352,0
690664402148839425,0
705066375849635840,0
940959503565983746,0
331618153035595777,0
729238742209277952,0
688786575606591488,0
687726145039667200,0
467513634105851904,0
791820134071631872,0
819189628267876353,0
796155623494787073,0
821214918481297408,0
934603159728771072,0
727239415383359490,0
772711939466113024,0
595878440105938944,0
958594299595251712,0
881897491288834050,0
134305156094369792,0
820721393671274496,0
750456580647235588,0
580037817633497088,0
525635416146595840,0
534709336468385792,0
718149508928970753,0
844413389497651200,0
642116447255183360,0
542406774834204672,0
844167209752674304,0
908041685279571969,0
757279562694787072,0
925801028922077184,0
650545481580441600,0
481099510223884289,0
907164424963743744,0
922875398550982657,0
844174087903764480,0
896077763748052992,0
654085322041597952,0
862674436742299649,0
733410306253148160,0
900924912835153920,0
914048411506266113,0
532216018651709440,0
959890094890127363,0
420563115450040323,0
657634099650146305,0
412580714362966016,0
904744016016756736,0
403171699262107649,0
356327785360392192,0
952612337990717441,0
151819128833982464,0
925723064750542848,0
935575786102382592,0
752940577763778560,0
685402943990939648,0
931446399719346176,0
19273100193,0
924252956593217537,0
952115514154856449,0
744948957063700480,0
775589917816721408,0
897478101348864002,0
788020668126420992,0
739665720842166273,0
891692521872642048,0
761247937271922689,0
435654622381105152,0
553240759059877890,0
947839506203447296,0
874979207461322753,0
637373230907543552,0
936035233077649410,0
915301265000759296,0
817800225825980416,0
857397280340627457,0
563696156254146560,0
518737959978143744,0
272046981835288576,0
950931225140588546,0
583425366007484416,0
463416930377158656,0
821376615317905408,0
906368264707743744,0
712098471214354432,0
761766327258193920,0
854575184266711041,0
447043824049983488,0
959889755503824901,0
843136177603575808,0
926546057932300289,0
705082188103094272,0
392001597649473537,0
565337609212555266,0
864643588902326272,0
917831798599618561,0
440252087549829120,0
321178548373184514,0
865807033689399296,0
844327022251970560,0
289708359031083010,0
789486130089517056,0
903977285744828416,0
649655786348482560,0
905011807118647298,0
856571387804360705,0
833837260168572928,0
908366154879696897,0
866879392026288128,0
951861351206604800,0
631390854104518657,0
400310216031744000,0
749646619252064256,0
758237096708567040,0
888433661913071617,0
847224802997751808,0
912555989261602816,0
897804543043436545,0
872583557214076932,0
904745652613246976,0
901158499190788096,0
777855466219024384,0
937509310942400513,0
660186490727723008,0
873578841490456577,0
236915993534939136,0
829966297207304193,0
735152505621876736,0
944767799335047168,0
390266900779110400,0
935239629237882885,0
498788430000963586,0
577614934776872961,0
897134585338875904,0
928841220872441857,0
872855280383541249,0
910834233287102464,0
827630762472136706,0
825387912774696960,0
942171565768298496,0
904156854128955392,0
919905765745483777,0
885996093087117313,0
459366011397881857,0
866760243249893376,0
860298486142705665,0
683803009588064257,0
858880538249228289,0
869682210642825219,0
600756568246726656,0
533242895504277504,0
932316951321423872,0
939822336399888384,0
697907369418846214,0
793424750466985986,0
923059890301620224,0
917635819971760128,0
758439092472410112,0
600088053449818112,0
894637987929214978,0
601089966198759424,0
633382713496596480,0
878245285356548096,0
646182988326109184,0
910854762664513536,0
565657815449366529,0
875022167100059650,0
928237747848040449,0
901495543687516161,0
540347110970130432,0
952433371086454784,0
941085020453777408,0
464918852124827648,0
896239394130100224,0
958004640687296512,0
921639696672813057,0
880914660077252609,0
923388644987154432,0
915924551393046529,0
483762965842509825,0
916003332245934082,0
826515808142688257,0
687696749977309184,0
935246641124249601,0
715661236269150208,0
951340539382763526,0
791117495667011584,0
608361583765557248,0
890424330508742656,0
838778309223800835,0
934518481076109312,0
481461603959730176,0
890121434164494336,0
952180654497845248,0
801183626612219905,0
843834717380231168,0
444272566812024832,0
844329050122334209,0
573709916445220865,0
935869931769475073,0
897582613480820737,0
897134596441210882,0
649658997893496833,0
263310909081022464,0
565602533276925952,0
819952390061359108,0
836403362010644480,0
484351712287670273,0
860971408792240128,0
904343702939820032,0
865867032528642049,0
601403808556699648,0
767478375321567232,0
854070495590981632,0
779430837708320769,0
943021884228227072,0
950473063392534533,0
867718348343259141,0
648971141701218304,0
752435301977579520,0
845076907062366208,0
466054829865832449,0
611833373460316160,0
906549100774125568,0
911373225757569024,0
717485495018778629,0
908663315051745280,0
953670264730144768,0
899287938248445953,0
386996620619177984,0
860170767094341632,0
743745841014308866,0
912193747835867141,0
861381862458929152,0
692465381575901184,0
304246658051485697,0
908120712405286912,0
907680099155283969,0
899667994518974466,0
844025302720245761,0
908156419219742720,0
684589255017017346,0
959096270190186496,0
507299582532149248,0
959074129616953344,0
700590752678731776,0
949173749466783745,0
562370391587717120,0
892091576721317888,0
921060637299625986,0
913808944379854848,0
887567801111728129,0
875082945698172930,0
723898331701776384,0
832279694108160002,0
916423525627514880,0
126389532814884864,0
927685953900171269,0
708451737779064832,0
851620681578098688,0
507921804308905984,0
935122640603373568,0
845442065978712064,0
338417829063835648,0
827060751630233600,0
943060437729505280,0
954143275409010688,0
957998263306776577,0
898354109375541249,0
868591795155812352,0
711963793656520705,0
832707373265457154,0
921420854835187712,0
444214321758097408,0
944420112785911808,0
890784416351477760,0
957064593540599808,0
770627652315123712,0
528771778303524864,0
935244651732393986,0
930494539067985920,0
613671271881175040,0
863947949553762304,0
656449452996206592,0
892052079933624320,0
796719583461863424,0
847125344897392640,0
745093674506289156,0
672585338552893441,0
882774819498057730,0
914793442148065280,0
796936402286022657,0
847534428863606785,0
371271009719963650,0
931981267457007617,0
476072396168761344,0
791176160197607424,0
958412429112864768,0
949157041766989824,0
957395407587495936,0
917154115586789377,0
737391321112023041,0
941412924484026369,0
834817299748179968,0
786235199470264320,0
941762906093490176,0
825142730531684353,0
697791393872281601,0
428636538746855424,0
731846024352927744,0
917451608228876288,0
897134623632871425,0
860690474889351168,0
827659969218519040,0
828167247470424064,0
504419038739832832,0
579451304277241856,0
862384322698989568,0
624612715932200960,0
844571995694096386,0
880870711899938816,0
864212295848783872,0
890601648267055104,0
949570110343262210,0
641643096850231296,0
572798942003404801,0
860344396486553600,0
691744739327131648,0
927932979065901057,0
408309639466737664,0
913220607378165760,0
933097731375038466,0
957398871788863489,0
639829403741106180,0
880115962024009736,0
805471928198828037,0
552859073755246593,0
946106117121368064,0
953046396957061121,0
729485159137980416,0
770132221038559233,0
667749400064692225,0
511666821016338432,0
944436143801753600,0
702537351516577792,0
800871371685429249,0
794519581117313024,0
916039836603224065,0
488635669506691072,0
885880805192589317,0
893525519219789826,0
902652366239010818,0
920543394530816000,0
898071085207310337,0
748802604944093185,0
901278275812675584,0
852348787125309440,0
899539085307645952,0
603376045023207425,0
723542140522008577,0
795818964785971200,0
545973099091722241,0
844380442459541504,0
693848170166652929,0
935258727724306433,0
949713028815228934,0
917133496002449408,0
922732308020506625,0
936321948778422272,0
918552029273972736,0
887365079225606146,0
929282116709437440,0
881907906089816065,0
674852087583277056,0
844116412834742272,0
218346695136776192,0
515516280112447488,0
557371825512931328,0
940941337037328385,0
530997635323531265,0
522019156867026945,0
958784820909428737,0
774242517336354816,0
929090845361541121,0
885563195179626497,0
937709587461017601,0
859183532492681218,0
240789771511795712,0
848960793941090304,0
304157546791464960,0
854712221888335873,0
762638598621372417,0
524302059667857409,0
902742613341634560,0
923029106685566976,0
927674768333135873,0
920700517528907776,0
761609612973969408,0
447011992272777216,0
623776636161380352,0
947538218718826496,0
508488107667513344,0
783763607100223488,0
960503642133381120,0
334116441823510528,0
881982313084727296,0
818344940526714880,0
770714443571396609,0
827608513404874752,0
810864586505195520,0
752425174079799296,0
646879930630950912,0
898185637760823296,0
836930859051667456,0
910133291528982528,0
941037809590206465,0
906077663739174912,0
628262461410574336,0
844134038491283456,0
616886215602798592,0
908450146865868801,0
781942478052044800,0
928603573105152000,0
335120107892256768,0
941270442958041089,0
947096950519812096,0
847532767932014597,0
501355366429773824,0
936860001418620929,0
902946474505490432,0
677640865150554113,0
542418173597724673,0
886781129637888000,0
748531902546481152,0
817119522570305536,0
792898104353755136,0
716092683803107328,0
764727216840249344,0
958761912522756096,0
417771345838354432,0
895374800922828802,0
916141115446906880,0
452475919132033024,0
925092756099338247,0
835512044648529922,0
899393373982871552,0
925092322731266049,0
925272577915973633,0
792910893176659968,0
489068486769926146,0
932769270978760705,0
928550121343774720,0
827917806071078912,0
862351284808151042,0
925265812897845248,0
508732087407738880,0
447887657809358848,0
774609707105419264,0
922096640449699841,0
674102326974631936,0
623507772810919936,0
844436230314102784,0
628238148095582208,0
787683364765593600,0
718096860746014720,0
712369334107017216,0
696610942700879876,0
715248996143378432,0
828201836213567488,0
897072429058727936,0
905500943839404032,0
783722542548803584,0
917028971665154049,0
713763573445562368,0
554556315184685056,0
959078075098001408,0
889055042652733440,0
898275760208625664,0
926555146456391680,0
913959766195568640,0
908519715080826882,0
918019558249844736,0
784544353444331520,0
486051459432452096,0
697821438779199489,0
852053720892362752,0
935414118592413697,0
904069440785965056,0
259855083968294913,0
927661885704589312,0
851736727970619392,0
942990584972742656,0
921864288196812800,0
846303795814584320,0
654661078853398529,0
914610487093952512,0
911985097267593216,0
956177226764111872,0
712274130595418112,0
644369315458715648,0
499317186612064256,0
258575426614616064,0
929124313441230849,0
876909710795882496,0
944309087210057733,0
713118989132677121,0
954218533931573248,0
800596978195234816,0
840960353387331584,0
623867504016777216,0
524712744004886530,0
930883151701954563,0
735585138411610112,0
317295742056284161,0
860514605000310789,0
909486211143749633,0
892501802012291073,0
379028863004573697,0
411232307949731840,0
641350271130402816,0
516361737642459136,0
958064904212303873,0
773305516567080960,0
912194126044647424,0
919079454500036609,0
492865846163677184,0
662386935537778688,0
954154454814773249,0
908937763088560128,0
718102588344786949,0
519943982021750784,0
846797597893263360,0
582578726111604736,0
702231212996186113,0
951759036097204225,0
892223802398175233,0
870396477251747840,0
872623385838276608,0
943637594289696768,0
901991330993274881,0
446999079638147073,0
823523917457485825,0
937874633717456896,0
350445780261277696,0
713601325053845504,0
835942275163140096,0
338452798540767232,0
950389456275628033,0
451345864221802496,0
782161247718563840,0
599037250157051904,0
911696375527743488,0
955387517473243136,0
848503488401350657,0
894638082263220225,0
814486981614899200,0
953689462441066496,0
873623356452503552,0
438030907866226688,0
718848705164496896,0
940341019085889536,0
526490090198294528,0
672033038520467456,0
880783291728764928,0
958365256153288706,0
674371586653298689,0
555643979996213248,0
696393655872065536,0
915960072790044672,0
823596879137148930,0
888573081416892416,0
903151637073715200,0
915443947127926785,0
459797001425932289,0
813764771828862977,0
838622182246760448,0
709696166972280832,0
838411331023867905,0
713152352702824449,0
725792296352935937,0
842009009649532928,0
431642769908453376,0
735948999601979392,0
901260674894102529,0
314747425350893570,0
766975588498280448,0
572258770245451777,0
938411740596965376,0
897853864107429888,0
603139362654552064,0
585493434317873152,0
711059317026201600,0
844176025672138752,0
897865547945308160,0
568040720000376832,0
694425809621270528,0
822074054366679040,0
771649001586208772,0
916806108622319616,0
919620549382430721,0
421036646457700352,0
853307258909995008,0
915870862909300736,0
570483324868816896,0
721314743328370688,0
838090956758921217,0
781927244075708416,0
382822565057945600,0
413310312184811520,0
844334579376803840,0
797711320468561920,0
785779362809479168,0
895619271342075905,0
834518046916108297,0
878317347563372544,0
341662134054318080,0
935176496368451590,0
862457268373037056,0
763058321955880960,0
794509988576264192,0
781152046028300288,0
652384767858581508,0
874259040884461568,0
857983675513819136,0
761024767394656258,0
691040414510485505,0
731846853680111616,0
792795518766292992,0
933480450139590658,0
955509926033424384,0
934194966112489472,0
317157956430995456,0
929413449976877057,0
960433917408038912,0
953250487389667328,0
906079345567039488,0
830545295591223297,0
935565527803670528,0
911396775197597696,0
801381307464847360,0
717690897182375937,0
719629130443157505,0
595240059672129537,0
945161560779120641,0
900403080046530560,0
696701581366943744,0
702569383005130752,0
646837467564363776,0
874299218852274176,0
928722748008030208,0
956971756669079552,0
880763832355958785,0
701871587750973440,0
835203341038800896,0
858526898812403717,0
583419578946039808,0
692843298667368449,0
847068475734593536,0
915241566343745537,0
897917439257784320,0
873221669090971649,0
460446897157570560,0
944803064866750464,0
916031205476261889,0
897558879965282304,0
864619207689990144,0
798647355935494145,0
954153330095349761,0
949313054818406400,0
827524678226944001,0
936578841547591687,0
892503280613457920,0
944998976998203392,0
739597518779088896,0
892158181119586304,0
960463629417148416,0
908367342152929281,0
687676373394190336,0
736380246862110720,0
817417467744186368,0
861731044839616512,0
251219604007948288,0
931217348337442817,0
740500547636236288,0
884819827147276289,0
830190272189440001,0
703828862266834944,0
625665355118182401,0
616878369100181504,0
880119804857917442,0
565574287902269440,0
537421599117680641,0
890397750659084290,0
819250596523999239,0
626169179591319553,0
578507241847963648,0
921798013672181760,0
914559323824586752,0
772616232709136384,0
857179288541560832,0
840153380878090240,0
891333170771243008,0
568611804466651138,0
506856633280892928,0
476877555078008832,0
697133878750879744,0
946692642531954688,0
767025767867965440,0
848607358888620033,0
910798293260742656,0
935210325233848320,0
903949327604883457,0
865883847472300033,0
923299167975358465,0
878539784561582080,0
896038620301336580,0
948976295156895745,0
658249907065585664,0
385531425228742656,0
314771614749294593,0
287248698310811648,0
362207387525971968,0
900158635841662976,0
957674880199282689,0
942917401842249730,0
909070657270505473,0
857607666973200387,0
863894900508459008,0
482219122894204928,0
746019817560375296,0
921535785144381441,0
401321234270797824,0
952190765811322881,0
837411883556577281,0
867976263901757440,0
552221043075473408,0
696757644632010752,0
824695459369381888,0
916635503755063297,0
892828668858310656,0
851442495904993280,0
387565645480869889,0
747525805782204421,0
924410790773391361,0
462327823428886528,0
843925177704599552,0
871787689753939973,0
709488116546011141,0
930167250274922496,0
882026753757257728,0
583706656959266816,0
733261882065227776,0
924759756492849152,0
625091236282650624,0
897299326405423109,0
554669220542566400,0
939144821553401857,0
815420100195008512,0
811848319572045824,0
865579872785182722,0
864913477026156544,0
775100236888965122,0
844207615370448897,0
942565812375875584,0
916573628489261056,0
880403142264967169,0
469839850519011328,0
899339327527833600,0
926859613143646209,0
634342871588450304,0
770294095264612352,0
886314454253785089,0
383584337825783808,0
509690299657244672,0
560973920799825923,0
491735443290226688,0
667932686988673024,0
924350134741323776,0
938961097079566337,0
938502558309593088,0
899641087769419777,0
783783809888219137,0
837449857648455681,0
667896534307065860,0
921100041787502592,0
304157405061709824,0
408785769529364480,0
632082057972215808,0
541989721195692033,0
667547572869988352,0
883099859066146816,0
960785292738351106,0
798304793202569217,0
877847695229984769,0
789802015220170752,0
786930963322380288,0
945839310640680960,0
960421982201434112,0
944309541239324672,0
738780476580581376,0
898929518504812544,0
889944676513468416,0
720698730144514048,0
957823976822198272,0
757151432428494848,0
573492807794479105,0
560542860592676864,0
890495213134860289,0
900910716919664640,0
880765087476273155,0
865085754971611136,0
633586893863690240,0
939961163621773313,0
325028300743397376,0
830442206360125440,0
861270000933502978,0
923633738227027971,0
956160387778514945,0
723324953404137472,0
642440503871545344,0
462951316340633600,0
839536415436263425,0
757702517476171780,0
917860523567468544,0
834221291326537728,0
701292973674336258,0
594412613104050176,0
918927221510803456,0
813420278760046594,0
893631188409212929,0
791471650122321920,0
920651692177113088,0
835132813171179520,0
888876615794515973,0
687904633860276224,0
919598155259248640,0
884397358527770625,0
880114045424209920,0
708090078732677121,0
551182183927664641,0
317725291449577473,0
844073416000978944,0
955628171436716033,0
946278331946856448,0
579325407750668288,0
917107124878135299,0
898556973762973696,0
959176971962875904,0
578231852059795456,0
697508689368977408,0
941427854037749760,0
908121129755258880,0
520391993273249792,0
679119589519659008,0
887117055018881024,0
944124134719553536,0
898647781090279424,0
616405086579855360,0
547085559077040128,0
765271254760820737,0
950766706204405760,0
941066984397078529,0
427139926048505856,0
882808693296816128,0
905405838919168000,0
892389373194493954,0
875448635034664961,0
749666021234008065,0
822115534749794304,0
677324418012553216,0
537311580791529472,0
927268059445977089,0
740567732937183232,0
454287804366082049,0
641642162329923584,0
566999129835192321,0
510941513522892800,0
689457012527095812,0
958413815896518656,0
896135896960860160,0
859598747537473536,0
943945679449329664,0
691660602620669952,0
940352328212926468,0
943992342159282178,0
625435505841315841,0
248911620275838976,0
613848930816761856,0
908121054668783617,0
901198750936387584,0
402606386129166336,0
945381444817510401,0
576412613124456448,0
864899916396728320,0
822101396321406976,0
898735935554072577,0
243320022842359809,0
834998214327693312,0
823524425542799360,0
494996934479056896,0
538361687230128128,0
921342344464601090,0
853332841563701248,0
866888060096598016,0
946300808123035648,0
544785520724021248,0
956259495646236674,0
635174890891554816,0
765328080978272256,0
956156573147123713,0
898428664542445568,0
920584101807185920,0
863202386499731456,0
787578996804292608,0
754223353393778689,0
846628838700404740,0
515604758296821760,0
884756122007195650,0
873066127814836226,0
291193888541134848,0
756252534981865472,0
864210053804511232,0
940327804088012800,0
922078467021262848,0
777521763232145408,0
931567647497576450,0
309456367721263104,0
490947425902022656,0
392261487198089216,0
911046813012168704,0
764877715484708864,0
261431527995478017,0
836683954249936896,0
902620749986455560,0
938486328559271937,0
840558623520522240,0
891703160817025024,0
782314928740851712,0
742972414137667584,0
643803766093946880,0
476908953507749888,0
920816779135463424,0
304156828961501184,0
614246210883325952,0
907750381630898176,0
447057684702199808,0
746112164688060416,0
938579599323222017,0
792791621200932864,0
746388565165125632,0
850693984792039425,0
564038764046323712,0
940114694949556224,0
916680088149807104,0
492945644978331649,0
796744732307243010,0
873903679887343618,0
892878562293927937,0
943706491231629312,0
789776979235045376,0
773158477522800640,0
735624468282802176,0
774697760318717952,0
699351243303620609,0
436601699156127744,0
944746261055451137,0
941703320246165505,0
744219875942481920,0
844046411402502144,0
447047317380530176,0
920347261669867525,0
842343033710489600,0
814300173723545600,0
888881911703236609,0
784048941323223040,0
719875402899054594,0
516709613484273664,0
892643391795802112,0
844330787008843776,0
935488927020052481,0
957023745985654784,0
729991324120780800,0
323736812663230464,0
951905795779760128,0
590717821254000640,0
944364095494598656,0
937607530913640448,0
845196459054030848,0
867498750264168448,0
947464610306777089,0
880118612006248452,0
813592941054701568,0
937327114218561536,0
694974413247131650,0
866543234528325632,0
739260146740781056,0
922236692421054464,0
396262890313097216,0
690000494949974018,0
814242197948301312,0
877168176097771520,0
908242351847600128,0
905039947299774464,0
805790711731855360,0
901745815194136576,0
830808894951800833,0
837791176614871040,0
304157798596501504,0
696459168480366592,0
918916730113740802,0
591717131777114112,0
807044147114897408,0
550186269389893632,0
893807141223620608,0
829689586171465729,0
959889011664916481,0
703993860003856384,0
954511234111504385,0
611932199936364546,0
880870364351533057,0
637761684308934656,0
574276369883922433,0
789814947849113602,0
898733739785601025,0
374317830940160000,0
563760359220453376,0
532337981089005568,0
431434675488186369,0
641313096817070080,0
838832293661769729,0
312928667112206336,0
802172664051810304,0
912416416824823808,0
301730017027698688,0
839990222800723968,0
844156675254755328,0
852390207408177153,0
402603167558676480,0
421866750670409728,0
924754933718683648,0
687613041677078529,0
905039035785244675,0
566750025326546945,0
311173120759324672,0
908578637363814401,0
897191616880021509,0
691065837340475393,0
563962424769138688,0
951980178288365568,0
700422034745135104,0
565227713464897536,0
302043180151472128,0
444174094016471040,0
778634907799187456,0
711913111997911040,0
607119155389693952,0
898715122885160960,0
938024490897944576,0
878183644308754436,0
924849534081085440,0
697760646197161986,0
796872263345860609,0
839847991578095616,0
912427415833587713,0
926425231757062144,0
489803453107937280,0
887807163346890752,0
890556081260331008,0
708893680011071488,0
391370356969463808,0
925792802717552640,0
384101517394853890,0
691750997031526400,0
865580164616474624,0
835218132847448064,0
569236624346722304,0
762210628064784384,0
958684196792184832,0
904599820777779200,0
948305816716828673,0
751853156708020224,0
850086248245067776,0
937667594949218304,0
857026453975826432,0
688347564387749888,0
774169034703052800,0
956574888696930304,0
760655290161299456,0
954398425998675969,0
890266092576309256,0
603554426209591296,0
360824095660720129,0
818091633845604352,0
322005475086450688,0
844509966220308480,0
868964517878824962,0
290866059773353985,0
783870957299441664,0
785314375439491073,0
866180555750203392,0
831333426431135745,0
923478390061064192,0
956242714261106689,0
733736771511549952,0
708744384842436608,0
928724376995926017,0
885297304709804033,0
415007568977596416,0
776121984568598528,0
793195934075199488,0
880870956687872000,0
916341491479359494,0
454576822823698433,0
446966967036305408,0
939964145994289152,0
482452036957380609,0
822284685820706816,0
695340842999885825,0
913758978009632768,0
744590838928375808,0
421865311491883008,0
897536053967376385,0
930066509782814721,0
450636702416375808,0
842155870649745409,0
867798657415991297,0
300481058091200512,0
289477620918263808,0
830765837619433472,0
398573247081365504,0
932814074437652481,0
934612275763318784,0
948245860382625792,0
935252214867689473,0
936244680613806081,0
920967953545392128,0
775867910107623424,0
935572356378120192,0
905968160750399488,0
434343784080359424,0
872474701087375361,0
746201039213211648,0
895699871256248320,0
927434105112887296,0
796139868493611012,0
896268778639634432,0
846142632778715136,0
935570074295029760,0
783057990031183872,0
960711980427436033,0
312554714761945088,0
922939603484577793,0
945763409030676480,0
928038661198831617,0
893713008777678849,0
722836255445135360,0
889886448551329792,0
844243861337751552,0
684767335450808320,0
158944891240583168,0
880123564015439875,0
921179186210967552,0
894538343031222272,0
893528561797214209,0
29540127421,0
889542630010499072,0
959102489327960065,0
657977622387757056,0
921826338297843712,0
908639862072410112,0
540183406785880064,0
846278604161994752,0
745787017145901058,0
829205323294576646,0
598478314630676481,0
445932126681464832,0
937467384306081792,0
731020516727787523,0
960245354380890112,0
606647395817037827,0
262398366045048833,0
862747515120009216,0
955568273499852800,0
745334361931845632,0
916435033065349120,0
636002810048462848,0
922497235316887557,0
917819598820560896,0
578326010581655552,0
857469846946066432,0
898367718302339072,0
856540137966235648,0
910526201764212737,0
908591494700732417,0
574619241388900352,0
791363032693796864,0
786387255363530752,0
948988579577061377,0
884703080062832641,0
687714505116246016,0
833240849718865920,0
278936937199443969,0
957372185013833729,0
609858374612688898,0
950688001146802176,0
443851970982731778,0
556643855639269380,0
880870428037844993,0
540102107475763200,0
576907762841473024,0
936869927461326849,0
687637509661192192,0
804018113427738626,0
810001104020840448,0
711883153712013312,0
525295771332395008,0
753629296061779968,0
545266406938640385,0
878372208086728704,0
369953265460719616,0
689524621360631809,0
826609781611847680,0
935412230794940416,0
849563553933795328,0
942491167903625216,0
146067921939070976,0
860226981715210241,0
444625028983062528,0
510226878779895808,0
945974551145574400,0
922646033137655808,0
146032717526614016,0
782618646598344704,0
381964312979329027,0
541072636747718656,0
869939136307884033,0
867790128416215040,0
734043619397652480,0
856270217013583881,0
631309324694851584,0
949133388757127168,0
915546853227163648,0
935520038798454785,0
699573755509657600,0
381186611297669120,0
575651343626428416,0
769607036283785216,0
957953496241922048,0
876070181243502593,0
796886977773588480,0
867112656884420613,0
446278187744370689,0
289733576369532928,0
880607499417600000,0
791857151266390016,0
559785559791796224,0
876861488094490625,0
884455070112169984,0
934327363290173440,0
902871471432896512,0
867138178825801728,0
861977689082802176,0
862669928113086464,0
850580926832791552,0
851680827763249152,0
943658616028049411,0
901045889027932160,0
893916267060502528,0
788463365991653380,0
866072885198180352,0
898329027219292161,0
860286776090480641,0
785904648330719233,0
904744253749837824,0
876794442866450434,0
601539021236469760,0
904104625430822916,0
935296833009659905,0
696162882145382400,0
187988223388172288,0
898416261754900480,0
910163719052828672,0
649073688533340160,0
745024809961136128,0
521360421895557120,0
649642503910653952,0
914973519116726272,0
766434841327902720,0
960007191959949313,0
566336270046347266,0
890633843312439297,0
790258164927074304,0
890171884414930944,0
657668234062241792,0
958973747632967680,0
532728177035325440,0
877886162681180160,0
925382136420499456,0
644642597881933825,0
944185813843234816,0
854740884734300160,0
847842210846572544,0
622067515565436928,0
827220348907159555,0
783799028685287424,0
903505995195965441,0
859474514723430401,0
837059699820412929,0
920479720398925824,0
650082920871391232,0
898260969020809216,0
841592447805321216,0
656556263724163072,0
817351617280348160,0
736420236795076608,0
695806286177239040,0
852603622701617153,0
751910723152973824,0
808550397707255810,0
707967065550753792,0
861265518610788352,0
880114010301108224,0
839946729344524288,0
902677517831692288,0
314747914868105216,0
844227734452748289,0
862903848750297089,0
600390825516871680,0
728926155739435010,0
867535939765231618,0
944675901186420738,0
805776251503906816,0
205253552833183744,0
898617299975798784,0
802147235546939392,0
698914809878687749,0
425796015682486272,0
306802108714348544,0
955381583296397313,0
898706902728585216,0
410938067789553664,0
844107284770897920,0
588779120198299649,0
945179285026955265,0
846831808020791297,0
417344320476180480,0
923268756956172288,0
601376409752305664,0
876267717719994370,0
699509945180561408,0
640176708570648576,0
960364886428549121,0
780744716266512384,0
547198864915439616,0
950442495099523073,0
754445121077252097,0
885476570282033153,0
897553611969798144,0
928766024224268288,0
958074756598607872,0
304159179990515714,0
887711546993815552,0
930997636718628864,0
827591650750902272,0
840272138275827713,0
578652661320454144,0
243459244983218181,0
722090599260639232,0
958398283298344960,0
835072146242166784,0
821273434017636352,0
925044802663706624,0
952733510699290624,0
879417141782380545,0
902174091846619136,0
811039055077109764,0
902523738423361536,0
926881502092255237,0
902497055850938370,0
960843093208653824,0
919585548016029696,0
923264231243436032,0
716448326795722752,0
450286509393207296,0
770257340465569793,0
369955554329763841,0
448683918783287297,0
901463884523065344,0
859982954193240064,0
855011256972877824,0
522532771714301953,0
908540897314275328,0
290830324127109120,0
787377918422974464,0
941880580404404224,0
899614833720643584,0
909901424779132928,0
217944889399324672,0
895411726300196864,0
621711994039717888,0
864734754339512320,0
957786783076442112,0
944865246036070401,0
855536114551148544,0
941584865715195904,0
896488058325008384,0
507304661762969600,0
784133700623532032,0
929438563283988481,0
827746217463472129,0
927580660235165696,0
732149633640742912,0
959748609712439296,0
847782737805266944,0
576123499749732352,0
677197602983559168,0
935344017751134209,0
827562790118359043,0
878775128364077057,0
897070853325717505,0
903541762479845376,0
880871509618806785,0
928212587426336768,0
923640147559702528,0
713641310234607616,0
861593412675481600,0
901803222133854212,0
751810360672268288,0
426558469781475328,0
443184454119735296,0
825867530724052992,0
957657651864891397,0
937338726639734785,0
940674555366068224,0
893631732473352192,0
864706221990739968,0
941038007624388609,0
923587704968876033,0
855693632183173120,0
940383636263718912,0
941854159824998400,0
846796561866801152,0
780876908045209600,0
584022635488632833,0
610492129727655936,0
859542376775262208,0
745774280504389636,0
562995545103687680,0
856274393424695298,0
935664997249835008,0
835883361310765058,0
880109161056526336,0
742467237278298113,0
886197025968148480,0
954547459816067074,0
945272281403604992,0
882328100826230786,0
907866090650214400,0
1348753669,0
587729697418715136,0
933445768286945280,0
950737348077281280,0
502597317149884418,0
791706135329771520,0
645724948946812928,0
796416761264504832,0
824699581749489664,0
844633816056647680,0
894677752795734016,0
897891577921765376,0
598584801277390848,0
593417212062527488,0
865304097456615424,0
928177098585444352,0
700639179810582528,0
898172433659817984,0
444704868553347072,0
600535282371276800,0
942512962727706635,0
935050240981217280,0
743558593413144576,0
880765102890287106,0
686923481137586176,0
676408941853675520,0
704371399452921856,0
732973162930044928,0
748516086253920256,0
817956024984342528,0
869754896081461248,0
771704953672986624,0
394872862924103680,0
959882415534690305,0
933327996458602497,0
951753006046789632,0
761801484392509441,0
805027292644773888,0
883015486551851008,0
763898831431987201,0
948538933985599488,0
504998936403140608,0
785964491481681920,0
889097239393710080,0
818740344405692416,0
530396951217700864,0
944590626817040387,0
351868386264887296,0
690369773864095745,0
447008444495581184,0
794853822728441856,0
877031311558365184,0
884437373626400768,0
844245514669322240,0
832386893782323200,0
903176339758489600,0
759521488022011904,0
901649629636415488,0
844987336383496193,0
774023463954620417,0
673190694048178177,0
342629495259418625,0
934680637193191424,0
607023617671495680,0
880026111199105028,0
695362882167398401,0
553001969963778048,0
872820356918136833,0
947377920355504129,0
447109578472189952,0
908784640101564416,0
923660136924827648,0
652292276924862464,0
634052277578371072,0
936293923567341568,0
764634157142114304,0
897958169854521345,0
951822056986955776,0
433398978286059521,0
852548971629223937,0
897279898061987840,0
540491155428110336,0
901071132119511041,0
784411065975177216,0
419525095754072064,0
749974278003630080,0
759860123368030208,0
959342225200205824,0
944147990763237376,0
959898822695628802,0
414004814348292096,0
52220398376456193,0
888022092159078400,0
955591355442475009,0
621308122221649921,0
823420558385774592,0
611451587970641920,0
671971513206181888,0
761676949097963521,0
454398356417437696,0
395946581603926016,0
891290265121632256,0
578234737912897536,0
451708260006236160,0
920522367595696129,0
941288211946582018,0
936844459500650498,0
481125003811766272,0
785566992027844608,0
798428021552189441,0
389517234571587584,0
947682819421147136,0
859571948254224384,0
525313496591138816,0
907034713147232256,0
944271874736914432,0
789693131423780864,0
925068435851304962,0
656274794476912640,0
350770363124289536,0
534134995422826496,0
604499372215283713,0
645345875548602368,0
915057761406382080,0
829783256992272385,0
876424181914718209,0
825131537976934401,0
842484658881232896,0
899304204359041024,0
571323727591411713,0
294099284964548608,0
942494385819832321,0
955876396810764288,0
939107586950955008,0
389244336757833728,0
844174533342969859,0
178955312374611972,0
800695376541990913,0
908697184979300352,0
932500327991009280,0
929846381170307072,0
750024057601593344,0
593516627636826113,0
737686786546257920,0
931406649700515840,0
745445596090204160,0
697153897970925568,0
858275421649084416,0
422205293624582146,0
844450406763843585,0
842150747894624257,0
882265050232135680,0
760303223957749760,0
473729921035292672,0
897899572969836546,0
953508365740670976,0
731189732437188609,0
461349559092781056,0
951836803727798272,0
707977127069614080,0
741564680297172992,0
880871566438957056,0
144914762420064256,0
727838807827976193,0
921131722598739970,0
333271674554314752,0
528746216545611776,0
567141046824742912,0
915131604611194880,0
261310732283547648,0
539789131488821248,0
524175986724990976,0
568815229351567360,0
861132468161851392,0
806248161199132672,0
929399829557424128,0
855501979577196548,0
956873049021865985,0
424351194857734144,0
877000347310489600,0
954213616336756737,0
931494009717043202,0
732185143897694208,0
362654026149531648,0
605661294612520960,0
949447670820679680,0
712001141714759681,0
959889572321726466,0
892330970317283328,0
809452727310970881,0
924013212575649792,0
654724024107270144,0
957887832005234688,0
454286764543574016,0
923315744925978625,0
870291272740851712,0
555003978757713920,0
654326718178676737,0
958095015317852160,0
902957858416885760,0
814499963342323712,0
899667716448989184,0
761761036026286080,0
769442430617657344,0
844205715552133126,0
400654531245383680,0
885696942109536256,0
747883955945340928,0
904802679402180608,0
834097561506037760,0
676986575356567553,0
709367248381747200,0
832955586903941120,0
816303383674048512,0
887680602886914051,0
882349948406296577,0
941375252151656455,0
915407903619661824,0
889083233362735104,0
805395753774395393,0
367338438200422400,0
956080543069888513,0
513032068595720192,0
415600801433006080,0
950446026753789953,0
869031782053691392,0
890749984370511872,0
695017724250984448,0
820750322645798912,0
397892148101939200,0
928773063809921024,0
951555227307651072,0
859136992587780099,0
786989440426135552,0
455793279171563520,0
628570705777573889,0
957919369539084288,0
869032825286049792,0
711184125189697536,0
842370853996187648,0
935379515487997957,0
484818904477216768,0
650033781710065664,0
711894664257867776,0
935881620044775426,0
899619298829889536,0
856622931270549504,0
816997321728815104,0
906853562537443329,0
692155870013198337,0
960498276247023617,0
600592631383588864,0
753393476507545600,0
870032060949430273,0
898060798345564160,0
899354564968763393,0
850695231704096768,0
894538312840511489,0
868651970944417793,0
866068270176129024,0
472238640563638272,0
884106676462395393,0
924605486732906496,0
763803660153344000,0
730904056277827585,0
700609316567412737,0
788530271629041664,0
743896810544996353,0
584266342200651776,0
936565551954001920,0
897494352532033536,0
859156584315990017,0
895536406222708736,0
932291354335563776,0
522949439514628096,0
446677396708921344,0
847259024240254978,0
615189445432754176,0
828161765263433729,0
710930374243819520,0
810346910657769472,0
694575587067838464,0
596503779207290880,0
717437974057656320,0
819137101786738688,0
539199867717840896,0
798569580461322240,0
720369543244165120,0
698187161363845120,0
926808030947155968,0
895776616781164545,0
842415007220535297,0
304245013632667648,0
836327640025956352,0
910993064881254400,0
959084703587414016,0
739434093381865472,0
370436667825332224,0
912484985311031296,0
930603003027083269,0
613499725829001216,0
769553626297622528,0
783599055385485312,0
849382434999332864,0
784773554264997888,0
910989865877147653,0
932777595594264576,0
259855375627612160,0
202170511642468353,0
883310531775483905,0
850206464446681089,0
935478657346392064,0
718904824364974081,0
902202921185492993,0
959777574271496192,0
531579224226680832,0
871935471995109376,0
753946582853251073,0
765372846239461376,0
837068074389995520,0
951460798001541125,0
532326315932663808,0
950838120001560576,0
447142443507785728,0
812681762111451136,0
712075790930681856,0
844252759054569476,0
902939197022945280,0
955340383608823809,0
897516567273119744,0
523867234587148288,0
823579964838727680,0
850336673384845312,0
619484218020786176,0
822522032713826305,0
957089373467521024,0
944735545355255808,0
713374640672911360,0
921724991862910976,0
958173376077479937,0
952027765259362305,0
20936155902,0
319115992137625601,0
579451313919897600,0
914476377293885440,0
826609679841239044,0
915192530848878592,0
897537853454000128,0
733326233174474752,0
498667824769167361,0
466900607052566528,0
908793467270078469,0
827580650723094528,0
716349427183710214,0
815886448339668992,0
898596133496344576,0
871645820659142657,0
893631660650106880,0
947064421632954368,0
527921333825732608,0
880119384848683008,0
842759283037167616,0
289720212985634816,0
945663729844269056,0
329272988132315137,0
899757919675318272,0
430555276941729792,0
935370941844029440,0
831430218401378304,0
796932990584627200,0
556439066913169408,0
489838478705033218,0
255795156974960640,0
922486689326682114,0
824073805756768257,0
957992361551974401,0
596550922429280256,0
944138481714024448,0
710754573200302081,0
444184097498230784,0
708666831830163456,0
959240418729844736,0
556169719783645184,0
447024289477193728,0
832584161948995584,0
806464628683403264,0
556213929706520579,0
952601255326765057,0
362994404455227392,0
956059685584502784,0
423268256154005504,0
522388162124210176,0
712432294657703938,0
844175514139066368,0
775462095626395648,0
779675410074333186,0
919741357966680064,0
926800157353660416,0
957030736284061696,0
675319310097756161,0
851793501326946304,0
290841871574511616,0
331519712833966081,0
732930402994769928,0
610450862486482944,0
892802336149712897,0
917111082803642368,0
817358886755848192,0
859467160892039168,0
931861100462772225,0
728852566969290752,0
874908454598713344,0
894903813936521217,0
855800617180254209,0
676955347018493953,0
916368221137227777,0
868325440854740992,0
629121353761845248,0
912117708321198080,0
904203275578347522,0
919935438713950209,0
774905759251374080,0
908070532888875009,0
160486612298502144,0
844303894440300544,0
645388463404154884,0
957999629970345984,0
451702340220092416,0
601540477112954880,0
692312174799159297,0
940340946809614336,0
821534488756948992,0
897663572985171970,0
890483048495689728,0
662373080384294913,0
652121626004332544,0
705831511745032192,0
917209708519411712,0
864264450374868992,0
878961048652582913,0
771354685781446658,0
690660900303298560,0
941394359928356864,0
917312125080612866,0
512635400582885377,0
862865102386728960,0
897840479647277056,0
923983692128714753,0
798583133918691330,0
760972432937250816,0
934486169060102145,0
960381349801660416,0
930876845800804354,0
957898896495267840,0
957908251277963266,0
893521518516477953,0
771293068238528513,0
692465381768826881,0
518187239138795520,0
959618465253416960,0
873352948134424577,0
958991660033208320,0
717566975409594368,0
447114879917629440,0
903292575347609600,0
714767476446330884,0
788509083368198144,0
955009776982937600,0
930404961791422465,0
467091647499485184,0
811987187042500608,0
840583685061693441,0
432355466237059072,0
294255651926978560,0
768101251624034305,0
954071846558863361,0
844939625768669184,0
721706303199014912,0
643890040876236801,0
875812041767886848,0
836719732518711300,0
923579505410789376,0
748653591347470340,0
711682411617058816,0
957169083514015744,0
504586624345600000,0
801168667165671426,0
388003791062069248,0
657923830665596928,0
797178433243672576,0
503873362691903488,0
895775749961125888,0
848234663445442561,0
910515632545816576,0
953434098458091520,0
722548102138327041,0
911966401006620672,0
718191740960649217,0
897557427775819776,0
781137253552697344,0
864332084692885505,0
702397065054318592,0
763767608009166848,0
877234399879811073,0
187964966094110721,0
913550130795634689,0
945077720156815361,0
866282687698538496,0
730231948539371522,0
301392762656395264,0
355721230525022208,0
857902983849197569,0
903617769098358784,0
875261663750082560,0
304158120450613248,0
367416096770367488,0
605663463860531200,0
831175542988734466,0
670335214154067968,0
908741224533778432,0
731596849392443392,0
653667750049484800,0
504370742025527297,0
892047259109650432,0
935809607804637184,0
579018214644015104,0
446977790152155137,0
844537218563821569,0
956972544577466369,0
776457456616472576,0
598846779552079872,0
860768480806699009,0
944434233573068800,0
391235002912235520,0
899360891061325824,0
772238917819072513,0
263078742841229316,0
476175383185076224,0
867863145330507777,0
579317987431186432,0
419128304336396289,0
846143533564219393,0
529361938073935872,0
947107556765380608,0
954857525857447936,0
782694503391956993,0
960067959023718400,0
933733450569437184,0
749285632699138049,0
712093681394839552,0
768069062459097088,0
657554270007508992,0
958918128989364224,0
939571867815415808,0
786567886932471808,0
855787615928320001,0
762983956044218369,0
448630584081121280,0
429348359720022017,0
926788374911893504,0
818563004547629056,0
650066823199617024,0
743058014035398657,0
421115964994756608,0
601633845557891073,0
763235581497225222,0
898989191823884288,0
852328092844556288,0
807282494538153984,0
842136249032970240,0
426520746899537920,0
516360541552803840,0
900373313934942208,0
568513550320164864,0
509093497279102977,0
818909409296453632,0
794305204791308288,0
937828454116020229,0
958316549420539904,0
818645183092977664,0
685925971271233538,0
952909809686335488,0
777001928718848001,0
922619061292462081,0
901182230583816192,0
828418642089881600,0
860559863390326784,0
557736194537439232,0
939952848590082049,0
255725764744445953,0
954039503425081344,0
944582668099956737,0
716937413872992257,0
632375241847627776,0
946156726285414402,0
665272964137390080,0
764547601999933442,0
386280613361508353,0
938016911220191235,0
940376639271251969,0
901884025006120965,0
904922443093069825,0
937669467403964418,0
555254237312348161,0
764073662467092480,0
352847749831598083,0
886227603258056704,0
897706496267563011,0
866023360525979651,0
959890524298727426,0
160462783568297985,0
844578095424245760,0
938468388661284864,0
594321424963268608,0
616443757928517632,0
645862433412792320,0
799655042508652544,0
872175274426859521,0
847842531530485761,0
711798186466148352,0
512027845292331008,0
290818686175043585,0
921103900157054977,0
748900533075795968,0
900362487949701121,0
718159483642462208,0
907023643271610368,0
601522863082971136,0
560260610210820097,0
816786589577715713,0
784507374912598021,0
632072976477892608,0
921575220821069826,0
882006761439346691,0
395698648341704705,0
868356546501255170,0
882288610514538496,0
457113812307820544,0
565021922497658880,0
782289731900084224,0
516741450122268672,0
904042872391049216,0
825934932086292480,0
327405079663616002,0
469219112510849024,0
955380886899494912,0
954394122370068482,0
747152572549521409,0
663005450242097152,0
444916473249931264,0
938579620194070528,0
929111029560332288,0
900901158079926272,0
895760430999764992,0
912831844676177920,0
876658814728028160,0
494206644994469888,0
567086470658539521,0
819519318232809473,0
940853932833861632,0
937865638600589312,0
783767403427729408,0
452581601311227904,0
945865652950016000,0
443871254659862528,0
812757268710170624,0
816877447501090816,0
955914219626606592,0
888566217690288128,0
620215896338886656,0
387611166455128064,0
521427487554043904,0
932054656213061632,0
923587629597249536,0
790918824069595136,0
895720464982691844,0
830526884777689089,0
608954332101382144,0
